Author,Rating
Samapti Sinha Mahapatra,4.6 out of 5 stars
N/A,4.4 out of 5 stars
PR Yadav,4.4 out of 5 stars
एम लक्ष्मीकांत,4.4 out of 5 stars
Subhadra Sen Gupta,4.5 out of 5 stars
Ishinna B. Sadana,4.7 out of 5 stars
N/A,4.7 out of 5 stars
Akshay Kumar,4.2 out of 5 stars
N/A,4.7 out of 5 stars
Kriti Sharma,4.6 out of 5 stars
N/A,4.3 out of 5 stars
R.K. Gupta,4.5 out of 5 stars
Wonder House Books,4.7 out of 5 stars
Timothy Ferriss,4.5 out of 5 stars
EduGorilla Prep Experts,3.5 out of 5 stars
Rajesh Verma,4.3 out of 5 stars
TARGET PUBLICATIONS,4.3 out of 5 stars
Oswaal Editorial Board,4.9 out of 5 stars
EduGorilla Prep Experts,4.4 out of 5 stars
EduGorilla Prep Experts,4.2 out of 5 stars
RPH Editorial Board,3.8 out of 5 stars
Mangal,4.5 out of 5 stars
RPH Editorial Board,4.1 out of 5 stars
N/A,4.6 out of 5 stars
N/A,4.2 out of 5 stars
Aman Kharwal,4.4 out of 5 stars
Swati Chawla,4.3 out of 5 stars
ALLEN Expert Faculties,4.2 out of 5 stars
ALLEN Expert Faculties,4.2 out of 5 stars
Amulya Dhal,4.4 out of 5 stars
Aditi Singhal,4.4 out of 5 stars
Wonder House Books,4.7 out of 5 stars
EduGorilla Prep Experts,3.9 out of 5 stars
Subhadra Sen Gupta,4.4 out of 5 stars
Scholastic Teaching Resources,4.6 out of 5 stars
N/A,3.0 out of 5 stars
N/A,N/A
ALLEN Expert Faculties,4.0 out of 5 stars
N/A,N/A
EduGorilla Prep Experts,4.1 out of 5 stars
EduGorilla Prep Experts,4.3 out of 5 stars
N/A,4.4 out of 5 stars
Chandrachur Ghose,4.6 out of 5 stars
Peter Liljedahl,4.8 out of 5 stars
G N Berman,4.4 out of 5 stars
Sanjay Kumar,4.1 out of 5 stars
Anita Sehgal,4.4 out of 5 stars
N/A,5.0 out of 5 stars
ALLEN Expert Faculties,4.0 out of 5 stars
Dean Chalmers Julian Gilbey,4.6 out of 5 stars
